{
  "timestamp": "20250119_204225",
  "designs": [
    {
      "composition": {
        "elements": [
          "C",
          "Cr"
        ],
        "probabilities": [
          0.6354234218597412,
          0.3645766079425812
        ]
      },
      "properties": {
        "predicted": {
          "E_coh": -88.65007019042969,
          "WF": 5.199319839477539,
          "W_sur": 268.38861083984375,
          "E_coh_norm": -5.312841415405273,
          "density_sur": 3.3772430419921875,
          "l_M-X": 2.2181172370910645,
          "l_M2-X": 2.248985528945923
        },
        "errors": {
          "E_coh": 26.124941507975258,
          "WF": 8.319163322448734,
          "W_sur": 34.194305419921875,
          "E_coh_norm": 11.452643076578777,
          "density_sur": 35.0897216796875,
          "l_M-X": 5.624630337669732,
          "l_M2-X": 12.449276447296143
        }
      }
    },
    {
      "composition": {
        "elements": [
          "C",
          "Cr"
        ],
        "probabilities": [
          0.6970562934875488,
          0.30294370651245117
        ]
      },
      "properties": {
        "predicted": {
          "E_coh": -105.1640396118164,
          "WF": 5.515933990478516,
          "W_sur": 262.09197998046875,
          "E_coh_norm": -4.89254093170166,
          "density_sur": 3.634159564971924,
          "l_M-X": 2.2457282543182373,
          "l_M2-X": 2.202331066131592
        },
        "errors": {
          "E_coh": 12.363300323486328,
          "WF": 14.915291468302414,
          "W_sur": 31.045989990234375,
          "E_coh_norm": 18.457651138305664,
          "density_sur": 45.36638259887695,
          "l_M-X": 6.9394406818208205,
          "l_M2-X": 10.11655330657959
        }
      }
    },
    {
      "composition": {
        "elements": [
          "C",
          "Cr"
        ],
        "probabilities": [
          0.6713473796844482,
          0.32865259051322937
        ]
      },
      "properties": {
        "predicted": {
          "E_coh": -101.24945068359375,
          "WF": 5.551348686218262,
          "W_sur": 255.863525390625,
          "E_coh_norm": -4.84113073348999,
          "density_sur": 3.668402671813965,
          "l_M-X": 2.244802951812744,
          "l_M2-X": 2.2128305435180664
        },
        "errors": {
          "E_coh": 15.625457763671873,
          "WF": 15.653097629547124,
          "W_sur": 27.9317626953125,
          "E_coh_norm": 19.314487775166832,
          "density_sur": 46.736106872558594,
          "l_M-X": 6.895378657749716,
          "l_M2-X": 10.64152717590332
        }
      }
    },
    {
      "composition": {
        "elements": [
          "C",
          "Cr"
        ],
        "probabilities": [
          0.6513547301292419,
          0.34864524006843567
        ]
      },
      "properties": {
        "predicted": {
          "E_coh": -95.56053924560547,
          "WF": 5.60287618637085,
          "W_sur": 291.0577392578125,
          "E_coh_norm": -5.452653408050537,
          "density_sur": 3.5971994400024414,
          "l_M-X": 2.2424333095550537,
          "l_M2-X": 2.255523443222046
        },
        "errors": {
          "E_coh": 20.366217295328777,
          "WF": 16.72658721605937,
          "W_sur": 45.52886962890625,
          "E_coh_norm": 9.122443199157715,
          "density_sur": 43.887977600097656,
          "l_M-X": 6.782538550240648,
          "l_M2-X": 12.776172161102295
        }
      }
    },
    {
      "composition": {
        "elements": [
          "C",
          "Cr"
        ],
        "probabilities": [
          0.7310585379600525,
          0.2689414620399475
        ]
      },
      "properties": {
        "predicted": {
          "E_coh": -89.8216781616211,
          "WF": 5.843874931335449,
          "W_sur": 271.47021484375,
          "E_coh_norm": -5.123403549194336,
          "density_sur": 3.5377140045166016,
          "l_M-X": 2.199035406112671,
          "l_M2-X": 2.241598606109619
        },
        "errors": {
          "E_coh": 25.148601531982422,
          "WF": 21.74739440282186,
          "W_sur": 35.735107421875,
          "E_coh_norm": 14.609940846761068,
          "density_sur": 41.50856018066406,
          "l_M-X": 4.715971719650991,
          "l_M2-X": 12.079930305480957
        }
      }
    }
  ],
  "parameters": {
    "noise_scale": 0.3,
    "model_version": "1.0"
  }
}